<?xml version="1.0" encoding="UTF-8"?>
<project-private xmlns="http://www.netbeans.org/ns/project-private/1">
    <editor-bookmarks xmlns="http://www.netbeans.org/ns/editor-bookmarks/2" lastBookmarkId="0"/>
    <open-files xmlns="http://www.netbeans.org/ns/projectui-open-files/2">
        <group>
            <file>file:/Users/hd/Desktop/PE_PRJ301_SU22_YourStudentID/src/java/pe/controllers/MainController.java</file>
            <file>file:/Users/hd/Desktop/PE_PRJ301_SU22_YourStudentID/src/java/pe/utils/DBUtils.java</file>
            <file>file:/Users/hd/Desktop/PE_PRJ301_SU22_YourStudentID/src/java/pe/user/UserDAO.java</file>
            <file>file:/Users/hd/Desktop/PE_PRJ301_SU22_YourStudentID/web/error.jsp</file>
            <file>file:/Users/hd/Desktop/PE_PRJ301_SU22_YourStudentID/src/java/pe/user/UserErrorDTO.java</file>
            <file>file:/Users/hd/Desktop/PE_PRJ301_SU22_YourStudentID/web/login.jsp</file>
            <file>file:/Users/hd/Desktop/PE_PRJ301_SU22_YourStudentID/src/java/pe/CarDAO.java</file>
            <file>file:/Users/hd/Desktop/PE_PRJ301_SU22_YourStudentID/src/java/pe/user/UserDTO.java</file>
            <file>file:/Users/hd/Desktop/PE_PRJ301_SU22_YourStudentID/src/java/pe/CarDTO.java</file>
            <file>file:/Users/hd/Desktop/PE_PRJ301_SU22_YourStudentID/web/carList.jsp</file>
            <file>file:/Users/hd/Desktop/PE_PRJ301_SU22_YourStudentID/src/java/pe/CarErrorDTO.java</file>
            <file>file:/Users/hd/Desktop/PE_PRJ301_SU22_YourStudentID/web/WEB-INF/web.xml</file>
        </group>
    </open-files>
</project-private>
