<?xml version="1.0" encoding="UTF-8"?>
<project-private xmlns="http://www.netbeans.org/ns/project-private/1">
    <editor-bookmarks xmlns="http://www.netbeans.org/ns/editor-bookmarks/2" lastBookmarkId="0"/>
    <open-files xmlns="http://www.netbeans.org/ns/projectui-open-files/2">
        <group>
            <file>file:/E:/FU/HoaLac/PRJ321/PE/PRJ321_FALL_2019/Given/Q3_XXX/src/java/dal/DBContext.java</file>
            <file>file:/E:/FU/HoaLac/PRJ321/PE/PRJ321_FALL_2019/Given/Q3_XXX/web/index.html</file>
        </group>
    </open-files>
</project-private>
