<?xml version="1.0" encoding="UTF-8"?>
<project-private xmlns="http://www.netbeans.org/ns/project-private/1">
    <editor-bookmarks xmlns="http://www.netbeans.org/ns/editor-bookmarks/2" lastBookmarkId="0"/>
    <open-files xmlns="http://www.netbeans.org/ns/projectui-open-files/2">
        <group>
            <file>file:/D:/NetBeanProjects--------------------------/FP_HE161142/Final-Project/web/manager.jsp</file>
            <file>file:/D:/NetBeanProjects--------------------------/FP_HE161142/Final-Project/src/java/dal/DAO.java</file>
            <file>file:/D:/NetBeanProjects--------------------------/FP_HE161142/Final-Project/web/add.jsp</file>
            <file>file:/D:/NetBeanProjects--------------------------/FP_HE161142/Final-Project/src/java/controller/SortServlet.java</file>
            <file>file:/D:/NetBeanProjects--------------------------/FP_HE161142/Final-Project/src/java/controller/AddProductServlet.java</file>
        </group>
    </open-files>
</project-private>
