<?xml version="1.0" encoding="UTF-8"?>
<project-private xmlns="http://www.netbeans.org/ns/project-private/1">
    <editor-bookmarks xmlns="http://www.netbeans.org/ns/editor-bookmarks/2" lastBookmarkId="0"/>
    <open-files xmlns="http://www.netbeans.org/ns/projectui-open-files/2">
        <group>
            <file>file:/C:/Users/sonnt/Documents/NetBeansProjects/Q1_XXX/src/java/model/Question.java</file>
            <file>file:/C:/Users/sonnt/Documents/NetBeansProjects/Q1_XXX/src/java/model/Answer.java</file>
            <file>file:/C:/Users/sonnt/Documents/NetBeansProjects/Q1_XXX/src/java/GenQuestion.java</file>
            <file>file:/C:/Users/sonnt/Documents/NetBeansProjects/Q1_XXX/web/display.jsp</file>
        </group>
    </open-files>
</project-private>
